{
    "loss": 0.4021264314651489,
    "accuracy": 0.9482758641242981
}